"seller","day_of_week","income"
Stearns MacFeather,Monday   ,1115653
Stearns MacFeather,Monday   ,1362307
Stearns MacFeather,Monday   ,1513020
Stearns MacFeather,Monday   ,1519061
Stearns MacFeather,Monday   ,1580570
Anne Ringer,Monday   ,1936510
Stearns MacFeather,Monday   ,2083493
Stearns MacFeather,Monday   ,2109030
Ann Dull,Monday   ,2168865
Stearns MacFeather,Monday   ,2233034
Ann Dull,Monday   ,2251059
Stearns MacFeather,Monday   ,2251524
Ann Dull,Monday   ,2272865
Stearns MacFeather,Monday   ,2290807
Meander Smith,Monday   ,2317038
Meander Smith,Monday   ,2317786
Ann Dull,Monday   ,2322181
Stearns MacFeather,Monday   ,2326797
Ann Dull,Monday   ,2326924
Stearns MacFeather,Monday   ,2338365
Stearns MacFeather,Monday   ,2399234
Ann Dull,Monday   ,2465335
Ann Dull,Monday   ,2487167
Stearns MacFeather,Monday   ,2528071
Cheryl Carson,Monday   ,2551771
Meander Smith,Monday   ,2658688
Ann Dull,Monday   ,2689772
Ann Dull,Monday   ,2712202
Ann Dull,Monday   ,2794084
Ann Dull,Monday   ,2810496
Morningstar Greene,Monday   ,2823175
Anne Ringer,Monday   ,2864944
Anne Ringer,Monday   ,2907899
Anne Ringer,Monday   ,2947721
Ann Dull,Monday   ,2954301
Meander Smith,Monday   ,2977202
Meander Smith,Monday   ,3008917
Anne Ringer,Monday   ,3024230
Ann Dull,Monday   ,3057364
Ann Dull,Monday   ,3073179
Meander Smith,Monday   ,3092493
Stearns MacFeather,Monday   ,3127303
Morningstar Greene,Monday   ,3133828
Meander Smith,Monday   ,3222213
Sylvia Panteley,Monday   ,3237036
Ann Dull,Monday   ,3271042
Meander Smith,Monday   ,3327431
Anne Ringer,Monday   ,3392027
Morningstar Greene,Monday   ,3496641
Meander Smith,Monday   ,3616472
Cheryl Carson,Monday   ,3670322
Anne Ringer,Monday   ,3677047
Morningstar Greene,Monday   ,3690978
Meander Smith,Monday   ,3698554
Meander Smith,Monday   ,3764225
Anne Ringer,Monday   ,3836333
Anne Ringer,Monday   ,3879289
Morningstar Greene,Monday   ,3929336
Meander Smith,Monday   ,3955133
Anne Ringer,Monday   ,3958932
Anne Ringer,Monday   ,4038575
Meander Smith,Monday   ,4049530
Morningstar Greene,Monday   ,4072755
Anne Ringer,Monday   ,4081531
Marjorie Green,Monday   ,4090526
Anne Ringer,Monday   ,4118218
Anne Ringer,Monday   ,4121353
Morningstar Greene,Monday   ,4132231
Cheryl Carson,Monday   ,4146286
Morningstar Greene,Monday   ,4313995
Sylvia Panteley,Monday   ,4379731
Cheryl Carson,Monday   ,4407318
Cheryl Carson,Monday   ,4424715
Morningstar Greene,Monday   ,4449411
Michael O'Leary,Monday   ,4459466
Morningstar Greene,Monday   ,4546062
Johnson White,Monday   ,4546079
Anne Ringer,Monday   ,4602346
Cheryl Carson,Monday   ,4821726
Johnson White,Monday   ,4847862
Sylvia Panteley,Monday   ,4866520
Cheryl Carson,Monday   ,4910539
Marjorie Green,Monday   ,4925531
Johnson White,Monday   ,4928814
Marjorie Green,Monday   ,4951882
Marjorie Green,Monday   ,4964446
Morningstar Greene,Monday   ,4975161
Reginald Blotchet-Halls,Monday   ,4977103
Livia Karsen,Monday   ,5015992
Meander Smith,Monday   ,5052091
Johnson White,Monday   ,5077972
Meander Smith,Monday   ,5102458
Morningstar Greene,Monday   ,5105010
Sylvia Panteley,Monday   ,5106776
Livia Karsen,Monday   ,5111410
Johnson White,Monday   ,5120362
Charlene Locksley,Monday   ,5128936
Reginald Blotchet-Halls,Monday   ,5196399
Marjorie Green,Monday   ,5207831
Charlene Locksley,Monday   ,5268914
Cheryl Carson,Monday   ,5315087
Morningstar Greene,Monday   ,5322840
Johnson White,Monday   ,5324180
Michael O'Leary,Monday   ,5347696
Reginald Blotchet-Halls,Monday   ,5372604
Reginald Blotchet-Halls,Monday   ,5380443
Cheryl Carson,Monday   ,5389890
Burt Gringlesby,Monday   ,5394803
Marjorie Green,Monday   ,5425756
Reginald Blotchet-Halls,Monday   ,5535762
Reginald Blotchet-Halls,Monday   ,5755058
Sylvia Panteley,Monday   ,5845454
Marjorie Green,Monday   ,5913417
Cheryl Carson,Monday   ,5936889
Charlene Locksley,Monday   ,5946108
Reginald Blotchet-Halls,Monday   ,5952153
Cheryl Carson,Monday   ,6044545
Johnson White,Monday   ,6093414
Sylvia Panteley,Monday   ,6168513
Cheryl Carson,Monday   ,6205077
Cheryl Carson,Monday   ,6205839
Johnson White,Monday   ,6304532
Cheryl Carson,Monday   ,6333900
Morningstar Greene,Monday   ,6364982
Marjorie Green,Monday   ,6401745
Burt Gringlesby,Monday   ,6421035
Sylvia Panteley,Monday   ,6449353
Charlene Locksley,Monday   ,6501939
Charlene Locksley,Monday   ,6548345
Burt Gringlesby,Monday   ,6562936
Charlene Locksley,Monday   ,6596277
Charlene Locksley,Monday   ,6601376
Johnson White,Monday   ,6627160
Sylvia Panteley,Monday   ,6645990
Sylvia Panteley,Monday   ,6689100
Charlene Locksley,Monday   ,6782150
Sylvia Panteley,Monday   ,6799900
Marjorie Green,Monday   ,6826253
Michael O'Leary,Monday   ,6977608
Michael O'Leary,Monday   ,7014245
Morningstar Greene,Monday   ,7024879
Michael O'Leary,Monday   ,7032563
Sylvia Panteley,Monday   ,7074462
Burt Gringlesby,Monday   ,7105494
Reginald Blotchet-Halls,Monday   ,7168700
Marjorie Green,Monday   ,7173264
Burt Gringlesby,Monday   ,7296737
Charlene Locksley,Monday   ,7367556
Burt Gringlesby,Monday   ,7370839
Livia Karsen,Monday   ,7392736
Sheryl Hunter,Monday   ,7468907
Johnson White,Monday   ,7521541
Reginald Blotchet-Halls,Monday   ,7530268
Reginald Blotchet-Halls,Monday   ,7578564
Cheryl Carson,Monday   ,7613744
Reginald Blotchet-Halls,Monday   ,7741722
Johnson White,Monday   ,7753645
Burt Gringlesby,Monday   ,7760651
Charlene Locksley,Monday   ,7851997
Reginald Blotchet-Halls,Monday   ,7891832
Burt Gringlesby,Monday   ,7904312
Michael O'Leary,Monday   ,7911633
Livia Karsen,Monday   ,7921340
Sylvia Panteley,Monday   ,7928405
Michael O'Leary,Monday   ,7939111
Johnson White,Monday   ,7958762
Marjorie Green,Monday   ,8020500
Johnson White,Monday   ,8032192
Sylvia Panteley,Monday   ,8072050
Burt Gringlesby,Monday   ,8111965
Charlene Locksley,Monday   ,8144955
Livia Karsen,Monday   ,8169650
Marjorie Green,Monday   ,8197952
Sylvia Panteley,Monday   ,8247923
Marjorie Green,Monday   ,8274560
Charlene Locksley,Monday   ,8306095
Livia Karsen,Monday   ,8340331
Reginald Blotchet-Halls,Monday   ,8353894
Johnson White,Monday   ,8465660
Marjorie Green,Monday   ,8467689
Charlene Locksley,Monday   ,8572282
Marjorie Green,Monday   ,8698511
Burt Gringlesby,Monday   ,8707672
Sheryl Hunter,Monday   ,8732949
Michael O'Leary,Monday   ,8744908
Sylvia Panteley,Monday   ,8888208
Burt Gringlesby,Monday   ,8893348
Livia Karsen,Monday   ,8897148
Livia Karsen,Monday   ,8928954
Livia Karsen,Monday   ,8981964
Burt Gringlesby,Monday   ,9049901
Charlene Locksley,Monday   ,9104145
Burt Gringlesby,Monday   ,9162957
Burt Gringlesby,Monday   ,9219624
Reginald Blotchet-Halls,Monday   ,9223236
Sheryl Hunter,Monday   ,9359145
Burt Gringlesby,Monday   ,9467535
Reginald Blotchet-Halls,Monday   ,9520827
Sheryl Hunter,Monday   ,9615491
Sheryl Hunter,Monday   ,9684896
Charlene Locksley,Monday   ,9729581
Livia Karsen,Monday   ,9762472
Sheryl Hunter,Monday   ,9821701
Abraham Bennet,Monday   ,9932043
Johnson White,Monday   ,9958600
Sheryl Hunter,Monday   ,9964121
Abraham Bennet,Monday   ,10012033
Livia Karsen,Monday   ,10245074
Sheryl Hunter,Monday   ,10293773
Dean Straight,Monday   ,10419113
Michael O'Leary,Monday   ,10438934
Michael O'Leary,Monday   ,10457253
Sheryl Hunter,Monday   ,10457358
Livia Karsen,Monday   ,10475774
Michael O'Leary,Monday   ,10493889
Dean Straight,Monday   ,10529994
Dean Straight,Monday   ,10724538
Livia Karsen,Monday   ,10759483
Sheryl Hunter,Monday   ,10916068
Sheryl Hunter,Monday   ,10956449
Sheryl Hunter,Monday   ,11149296
Sheryl Hunter,Monday   ,11212849
Michael O'Leary,Monday   ,11290527
Michael O'Leary,Monday   ,11336323
Dean Straight,Monday   ,11365372
Innes del Castillo,Monday   ,11386550
Dean Straight,Monday   ,11456382
Sheryl Hunter,Monday   ,11731155
Dean Straight,Monday   ,11789376
Dean Straight,Monday   ,11905938
Sheryl Hunter,Monday   ,11937365
Livia Karsen,Monday   ,12139215
Innes del Castillo,Monday   ,12217773
Dean Straight,Monday   ,12737556
Dean Straight,Monday   ,12918838
Abraham Bennet,Monday   ,13428763
Abraham Bennet,Monday   ,13485559
Abraham Bennet,Monday   ,13644722
Dean Straight,Monday   ,13754796
Dean Straight,Monday   ,13807973
Dean Straight,Monday   ,13881006
Michael O'Leary,Monday   ,13891102
Abraham Bennet,Monday   ,14293368
Innes del Castillo,Monday   ,14394907
Abraham Bennet,Monday   ,14425997
Dean Straight,Monday   ,14515865
Innes del Castillo,Monday   ,14654025
Albert Ringer,Monday   ,14698449
Michael O'Leary,Monday   ,14761013
Innes del Castillo,Monday   ,14938619
Heather McBadden,Monday   ,15069896
Innes del Castillo,Monday   ,15160207
Heather McBadden,Monday   ,15182089
Heather McBadden,Monday   ,15195961
Abraham Bennet,Monday   ,15203984
Dean Straight,Monday   ,15326226
Abraham Bennet,Monday   ,15735722
Innes del Castillo,Monday   ,16247973
Innes del Castillo,Monday   ,16339660
Abraham Bennet,Monday   ,16384163
Abraham Bennet,Monday   ,16509282
Innes del Castillo,Monday   ,16573013
Innes del Castillo,Monday   ,16716282
Heather McBadden,Monday   ,16826626
Dean Straight,Monday   ,17417197
Heather McBadden,Monday   ,18314124
Heather McBadden,Monday   ,18991189
Heather McBadden,Monday   ,19061597
Abraham Bennet,Monday   ,19081230
Heather McBadden,Monday   ,19190861
Heather McBadden,Monday   ,19216564
Abraham Bennet,Monday   ,19671740
Abraham Bennet,Monday   ,19687184
Albert Ringer,Monday   ,19939383
Abraham Bennet,Monday   ,20349447
Heather McBadden,Monday   ,20404419
Innes del Castillo,Monday   ,20878617
Heather McBadden,Monday   ,20906735
Heather McBadden,Monday   ,21107242
Innes del Castillo,Monday   ,21642313
Albert Ringer,Monday   ,21742840
Albert Ringer,Monday   ,21975271
Albert Ringer,Monday   ,22041143
Michel DeFrance,Monday   ,22213726
Heather McBadden,Monday   ,22684005
Innes del Castillo,Monday   ,22771157
Innes del Castillo,Monday   ,22978404
Innes del Castillo,Monday   ,24093248
Heather McBadden,Monday   ,24681656
Albert Ringer,Monday   ,25456685
Michel DeFrance,Monday   ,25893363
Albert Ringer,Monday   ,26095767
Heather McBadden,Monday   ,26181677
Albert Ringer,Monday   ,26778061
Albert Ringer,Monday   ,26993333
Michel DeFrance,Monday   ,27148171
Albert Ringer,Monday   ,28015437
Michel DeFrance,Monday   ,28143344
Albert Ringer,Monday   ,28254710
Dirk Stringer,Monday   ,28472687
Albert Ringer,Monday   ,29268566
Michel DeFrance,Monday   ,29515425
Albert Ringer,Monday   ,29910071
Michel DeFrance,Monday   ,30410247
Michel DeFrance,Monday   ,31028511
Albert Ringer,Monday   ,31220301
Michel DeFrance,Monday   ,32040606
Michel DeFrance,Monday   ,33312336
Michel DeFrance,Monday   ,33563215
Michel DeFrance,Monday   ,34307509
Michel DeFrance,Monday   ,35118311
Michel DeFrance,Monday   ,37327638
Michel DeFrance,Monday   ,38697597
Albert Ringer,Monday   ,39988013
Michel DeFrance,Monday   ,40864914
Dirk Stringer,Monday   ,41481940
Dirk Stringer,Monday   ,43909672
Dirk Stringer,Monday   ,47511599
Dirk Stringer,Monday   ,48013015
Dirk Stringer,Monday   ,48962949
Dirk Stringer,Monday   ,49688624
Dirk Stringer,Monday   ,51139974
Dirk Stringer,Monday   ,52340616
Dirk Stringer,Monday   ,53066291
Dirk Stringer,Monday   ,55968991
Dirk Stringer,Monday   ,56193251
Dirk Stringer,Monday   ,63199293
Dirk Stringer,Monday   ,67051927
Livia Karsen,Tuesday  ,673438
Stearns MacFeather,Tuesday  ,1389036
Stearns MacFeather,Tuesday  ,1493524
Ann Dull,Tuesday  ,1520333
Stearns MacFeather,Tuesday  ,1589341
Stearns MacFeather,Tuesday  ,1647976
Ann Dull,Tuesday  ,1674871
Stearns MacFeather,Tuesday  ,1721420
Cheryl Carson,Tuesday  ,1793991
Stearns MacFeather,Tuesday  ,1965385
Stearns MacFeather,Tuesday  ,2008751
Anne Ringer,Tuesday  ,2055975
Stearns MacFeather,Tuesday  ,2121787
Stearns MacFeather,Tuesday  ,2128177
Ann Dull,Tuesday  ,2168241
Stearns MacFeather,Tuesday  ,2171032
Ann Dull,Tuesday  ,2189761
Stearns MacFeather,Tuesday  ,2241089
Ann Dull,Tuesday  ,2255204
Stearns MacFeather,Tuesday  ,2334851
Ann Dull,Tuesday  ,2399294
Ann Dull,Tuesday  ,2458434
Stearns MacFeather,Tuesday  ,2485934
Ann Dull,Tuesday  ,2536457
Stearns MacFeather,Tuesday  ,2545533
Livia Karsen,Tuesday  ,2671055
Ann Dull,Tuesday  ,2672736
Ann Dull,Tuesday  ,2810809
Ann Dull,Tuesday  ,2859813
Anne Ringer,Tuesday  ,2864944
Morningstar Greene,Tuesday  ,2879018
Anne Ringer,Tuesday  ,2901631
Anne Ringer,Tuesday  ,2947721
Ann Dull,Tuesday  ,3013414
Morningstar Greene,Tuesday  ,3048862
Cheryl Carson,Tuesday  ,3073455
Ann Dull,Tuesday  ,3085473
Ann Dull,Tuesday  ,3193929
Morningstar Greene,Tuesday  ,3212181
Stearns MacFeather,Tuesday  ,3212664
Morningstar Greene,Tuesday  ,3253740
Ann Dull,Tuesday  ,3259034
Morningstar Greene,Tuesday  ,3305851
Cheryl Carson,Tuesday  ,3306164
Anne Ringer,Tuesday  ,3309250
Meander Smith,Tuesday  ,3347578
Meander Smith,Tuesday  ,3348325
Anne Ringer,Tuesday  ,3548179
Meander Smith,Tuesday  ,3615725
Meander Smith,Tuesday  ,3659007
Meander Smith,Tuesday  ,3689228
Meander Smith,Tuesday  ,3720195
Anne Ringer,Tuesday  ,3833199
Morningstar Greene,Tuesday  ,3888578
Sylvia Panteley,Tuesday  ,3898298
Marjorie Green,Tuesday  ,3910293
Reginald Blotchet-Halls,Tuesday  ,3934180
Meander Smith,Tuesday  ,3935733
Meander Smith,Tuesday  ,3988342
Anne Ringer,Tuesday  ,3995619
Anne Ringer,Tuesday  ,4038575
Morningstar Greene,Tuesday  ,4051661
Reginald Blotchet-Halls,Tuesday  ,4051667
Cheryl Carson,Tuesday  ,4085111
Anne Ringer,Tuesday  ,4118218
Johnson White,Tuesday  ,4170996
Anne Ringer,Tuesday  ,4200996
Morningstar Greene,Tuesday  ,4344816
Meander Smith,Tuesday  ,4359465
Anne Ringer,Tuesday  ,4363416
Meander Smith,Tuesday  ,4391927
Reginald Blotchet-Halls,Tuesday  ,4439330
Michael O'Leary,Tuesday  ,4441148
Meander Smith,Tuesday  ,4475503
Morningstar Greene,Tuesday  ,4526580
Marjorie Green,Tuesday  ,4527374
Sylvia Panteley,Tuesday  ,4543939
Burt Gringlesby,Tuesday  ,4559079
Anne Ringer,Tuesday  ,4562524
Cheryl Carson,Tuesday  ,4615093
Marjorie Green,Tuesday  ,4681812
Meander Smith,Tuesday  ,4721262
Meander Smith,Tuesday  ,4752229
Johnson White,Tuesday  ,4752982
Cheryl Carson,Tuesday  ,4817957
Morningstar Greene,Tuesday  ,4991193
Cheryl Carson,Tuesday  ,5000417
Meander Smith,Tuesday  ,5072238
Anne Ringer,Tuesday  ,5129429
Reginald Blotchet-Halls,Tuesday  ,5148099
Morningstar Greene,Tuesday  ,5219528
Reginald Blotchet-Halls,Tuesday  ,5273424
Morningstar Greene,Tuesday  ,5276036
Michael O'Leary,Tuesday  ,5283581
Charlene Locksley,Tuesday  ,5290586
Michael O'Leary,Tuesday  ,5338536
Cheryl Carson,Tuesday  ,5369105
Johnson White,Tuesday  ,5416301
Reginald Blotchet-Halls,Tuesday  ,5447004
Cheryl Carson,Tuesday  ,5479388
Reginald Blotchet-Halls,Tuesday  ,5517501
Johnson White,Tuesday  ,5535399
Cheryl Carson,Tuesday  ,5597665
Marjorie Green,Tuesday  ,5604765
Marjorie Green,Tuesday  ,5631116
Reginald Blotchet-Halls,Tuesday  ,5734172
Johnson White,Tuesday  ,5756965
Charlene Locksley,Tuesday  ,5795678
Burt Gringlesby,Tuesday  ,5813460
Charlene Locksley,Tuesday  ,5854831
Sylvia Panteley,Tuesday  ,5918946
Marjorie Green,Tuesday  ,6003255
Sylvia Panteley,Tuesday  ,6008738
Cheryl Carson,Tuesday  ,6023760
Johnson White,Tuesday  ,6124507
Michael O'Leary,Tuesday  ,6135174
Charlene Locksley,Tuesday  ,6144729
Charlene Locksley,Tuesday  ,6168439
Livia Karsen,Tuesday  ,6175627
Reginald Blotchet-Halls,Tuesday  ,6187126
Morningstar Greene,Tuesday  ,6215751
Marjorie Green,Tuesday  ,6285889
Cheryl Carson,Tuesday  ,6309346
Charlene Locksley,Tuesday  ,6309440
Livia Karsen,Tuesday  ,6342715
Charlene Locksley,Tuesday  ,6364510
Reginald Blotchet-Halls,Tuesday  ,6382907
Sylvia Panteley,Tuesday  ,6434177
Johnson White,Tuesday  ,6533303
Marjorie Green,Tuesday  ,6541172
Sylvia Panteley,Tuesday  ,6569433
Charlene Locksley,Tuesday  ,6575116
Sylvia Panteley,Tuesday  ,6591629
Charlene Locksley,Tuesday  ,6598827
Reginald Blotchet-Halls,Tuesday  ,6610038
Cheryl Carson,Tuesday  ,6620247
Morningstar Greene,Tuesday  ,6684156
Burt Gringlesby,Tuesday  ,6699272
Sylvia Panteley,Tuesday  ,6824418
Johnson White,Tuesday  ,6829113
Meander Smith,Tuesday  ,6837191
Morningstar Greene,Tuesday  ,6839482
Michael O'Leary,Tuesday  ,7014245
Sylvia Panteley,Tuesday  ,7036677
Reginald Blotchet-Halls,Tuesday  ,7235258
Marjorie Green,Tuesday  ,7259988
Sylvia Panteley,Tuesday  ,7301419
Reginald Blotchet-Halls,Tuesday  ,7326648
Cheryl Carson,Tuesday  ,7353093
Marjorie Green,Tuesday  ,7362947
Charlene Locksley,Tuesday  ,7370616
Johnson White,Tuesday  ,7378500
Burt Gringlesby,Tuesday  ,7396901
Johnson White,Tuesday  ,7406556
Johnson White,Tuesday  ,7411751
Charlene Locksley,Tuesday  ,7424670
Reginald Blotchet-Halls,Tuesday  ,7448030
Cheryl Carson,Tuesday  ,7460749
Sylvia Panteley,Tuesday  ,7478925
Sylvia Panteley,Tuesday  ,7498056
Sylvia Panteley,Tuesday  ,7523943
Charlene Locksley,Tuesday  ,7580711
Johnson White,Tuesday  ,7596476
Burt Gringlesby,Tuesday  ,7601036
Burt Gringlesby,Tuesday  ,7651859
Sylvia Panteley,Tuesday  ,7705850
Burt Gringlesby,Tuesday  ,7710285
Burt Gringlesby,Tuesday  ,7731805
Michael O'Leary,Tuesday  ,7847519
Michael O'Leary,Tuesday  ,7893315
Michael O'Leary,Tuesday  ,7920793
Sylvia Panteley,Tuesday  ,7955447
Michael O'Leary,Tuesday  ,7957429
Johnson White,Tuesday  ,7964950
Burt Gringlesby,Tuesday  ,8046213
Burt Gringlesby,Tuesday  ,8081360
Charlene Locksley,Tuesday  ,8260201
Charlene Locksley,Tuesday  ,8298446
Marjorie Green,Tuesday  ,8315365
Marjorie Green,Tuesday  ,8354280
Burt Gringlesby,Tuesday  ,8372768
Charlene Locksley,Tuesday  ,8382837
Burt Gringlesby,Tuesday  ,8408939
Marjorie Green,Tuesday  ,8467689
Reginald Blotchet-Halls,Tuesday  ,8562764
Johnson White,Tuesday  ,8563104
Burt Gringlesby,Tuesday  ,8633570
Burt Gringlesby,Tuesday  ,8638112
Michael O'Leary,Tuesday  ,8772385
Johnson White,Tuesday  ,8834682
Livia Karsen,Tuesday  ,8950158
Sheryl Hunter,Tuesday  ,9014124
Sheryl Hunter,Tuesday  ,9025829
Burt Gringlesby,Tuesday  ,9109352
Livia Karsen,Tuesday  ,9212663
Sheryl Hunter,Tuesday  ,9214775
Marjorie Green,Tuesday  ,9379301
Sheryl Hunter,Tuesday  ,9388115
Dean Straight,Tuesday  ,9466457
Michael O'Leary,Tuesday  ,9651456
Sheryl Hunter,Tuesday  ,9723326
Sheryl Hunter,Tuesday  ,9891107
Sheryl Hunter,Tuesday  ,9914223
Livia Karsen,Tuesday  ,9947169
Sheryl Hunter,Tuesday  ,10068054
Dean Straight,Tuesday  ,10092405
Marjorie Green,Tuesday  ,10163717
Livia Karsen,Tuesday  ,10266278
Livia Karsen,Tuesday  ,10518182
Sheryl Hunter,Tuesday  ,10567438
Dean Straight,Tuesday  ,10576319
Dean Straight,Tuesday  ,10795596
Dean Straight,Tuesday  ,11168130
Dean Straight,Tuesday  ,11292149
Michael O'Leary,Tuesday  ,11308845
Heather McBadden,Tuesday  ,11631014
Livia Karsen,Tuesday  ,11866108
Sheryl Hunter,Tuesday  ,11910347
Sheryl Hunter,Tuesday  ,11991164
Sheryl Hunter,Tuesday  ,11998967
Sheryl Hunter,Tuesday  ,12068373
Livia Karsen,Tuesday  ,12086205
Livia Karsen,Tuesday  ,12118011
Michael O'Leary,Tuesday  ,12197075
Abraham Bennet,Tuesday  ,12264088
Dean Straight,Tuesday  ,12359677
Dean Straight,Tuesday  ,12589649
Dean Straight,Tuesday  ,12594902
Dean Straight,Tuesday  ,12845185
Livia Karsen,Tuesday  ,12884323
Abraham Bennet,Tuesday  ,13162307
Dean Straight,Tuesday  ,13190554
Heather McBadden,Tuesday  ,13369111
Dean Straight,Tuesday  ,13445558
Heather McBadden,Tuesday  ,13461164
Sheryl Hunter,Tuesday  ,13627246
Dean Straight,Tuesday  ,13915225
Abraham Bennet,Tuesday  ,14224105
Dean Straight,Tuesday  ,14244740
Livia Karsen,Tuesday  ,14672444
Innes del Castillo,Tuesday  ,14756847
Dean Straight,Tuesday  ,14882539
Heather McBadden,Tuesday  ,14947836
Sheryl Hunter,Tuesday  ,15351655
Innes del Castillo,Tuesday  ,15536488
Innes del Castillo,Tuesday  ,15548254
Innes del Castillo,Tuesday  ,16082145
Abraham Bennet,Tuesday  ,16131139
Innes del Castillo,Tuesday  ,16404610
Abraham Bennet,Tuesday  ,16460956
Abraham Bennet,Tuesday  ,16499639
Abraham Bennet,Tuesday  ,16603819
Heather McBadden,Tuesday  ,16687060
Albert Ringer,Tuesday  ,16727383
Abraham Bennet,Tuesday  ,16748059
Heather McBadden,Tuesday  ,16833797
Heather McBadden,Tuesday  ,16940034
Abraham Bennet,Tuesday  ,16995968
Heather McBadden,Tuesday  ,17175981
Innes del Castillo,Tuesday  ,17247257
Livia Karsen,Tuesday  ,17311693
Michael O'Leary,Tuesday  ,17361587
Abraham Bennet,Tuesday  ,17427710
Heather McBadden,Tuesday  ,17828101
Innes del Castillo,Tuesday  ,18102641
Heather McBadden,Tuesday  ,18141873
Abraham Bennet,Tuesday  ,18199024
Innes del Castillo,Tuesday  ,18350335
Abraham Bennet,Tuesday  ,18919714
Innes del Castillo,Tuesday  ,19504654
Albert Ringer,Tuesday  ,19590167
Innes del Castillo,Tuesday  ,19645979
Innes del Castillo,Tuesday  ,19841460
Abraham Bennet,Tuesday  ,20029446
Albert Ringer,Tuesday  ,20062424
Heather McBadden,Tuesday  ,20339486
Heather McBadden,Tuesday  ,20795300
Innes del Castillo,Tuesday  ,21240557
Abraham Bennet,Tuesday  ,21607321
Albert Ringer,Tuesday  ,21643202
Michel DeFrance,Tuesday  ,22371653
Heather McBadden,Tuesday  ,22387908
Heather McBadden,Tuesday  ,22587382
Innes del Castillo,Tuesday  ,23145835
Innes del Castillo,Tuesday  ,23368395
Albert Ringer,Tuesday  ,23718634
Abraham Bennet,Tuesday  ,23784730
Michel DeFrance,Tuesday  ,24630390
Heather McBadden,Tuesday  ,24765369
Michel DeFrance,Tuesday  ,24973454
Albert Ringer,Tuesday  ,26227025
Michel DeFrance,Tuesday  ,26310925
Innes del Castillo,Tuesday  ,26697904
Albert Ringer,Tuesday  ,27775417
Michel DeFrance,Tuesday  ,28110091
Michel DeFrance,Tuesday  ,28252452
Albert Ringer,Tuesday  ,29840766
Albert Ringer,Tuesday  ,30043969
Albert Ringer,Tuesday  ,30275814
Michel DeFrance,Tuesday  ,31890079
Michel DeFrance,Tuesday  ,32801232
Michel DeFrance,Tuesday  ,32827677
Albert Ringer,Tuesday  ,32908629
Michel DeFrance,Tuesday  ,32985604
Albert Ringer,Tuesday  ,33919124
Michel DeFrance,Tuesday  ,34047874
Albert Ringer,Tuesday  ,34051169
Michel DeFrance,Tuesday  ,34165148
Albert Ringer,Tuesday  ,34321735
Michel DeFrance,Tuesday  ,36573055
Dirk Stringer,Tuesday  ,37154338
Michel DeFrance,Tuesday  ,37309950
Albert Ringer,Tuesday  ,37916239
Michel DeFrance,Tuesday  ,40170795
Dirk Stringer,Tuesday  ,40532005
Dirk Stringer,Tuesday  ,41006973
Dirk Stringer,Tuesday  ,43658965
Dirk Stringer,Tuesday  ,44635347
Dirk Stringer,Tuesday  ,45835990
Dirk Stringer,Tuesday  ,46561665
Dirk Stringer,Tuesday  ,47511599
Dirk Stringer,Tuesday  ,54293382
Dirk Stringer,Tuesday  ,54992609
Dirk Stringer,Tuesday  ,55494024
Dirk Stringer,Tuesday  ,64874902
Dirk Stringer,Tuesday  ,66801220
Stearns MacFeather,Wednesday,926790
Stearns MacFeather,Wednesday,1091103
Stearns MacFeather,Wednesday,1209909
Stearns MacFeather,Wednesday,1437911
Stearns MacFeather,Wednesday,1575022
Stearns MacFeather,Wednesday,1648672
Stearns MacFeather,Wednesday,1773296
Ann Dull,Wednesday,1839830
Stearns MacFeather,Wednesday,1883924
Anne Ringer,Wednesday,2016153
Stearns MacFeather,Wednesday,2062312
Morningstar Greene,Wednesday,2068991
Ann Dull,Wednesday,2092064
Ann Dull,Wednesday,2102512
Stearns MacFeather,Wednesday,2122999
Stearns MacFeather,Wednesday,2147529
Stearns MacFeather,Wednesday,2243120
Ann Dull,Wednesday,2305118
Ann Dull,Wednesday,2346145
Stearns MacFeather,Wednesday,2391676
Anne Ringer,Wednesday,2423772
Stearns MacFeather,Wednesday,2439585
Ann Dull,Wednesday,2454601
Ann Dull,Wednesday,2506814
Meander Smith,Wednesday,2531829
Anne Ringer,Wednesday,2583058
Ann Dull,Wednesday,2607578
Meander Smith,Wednesday,2616153
Anne Ringer,Wednesday,2622880
Ann Dull,Wednesday,2635401
Meander Smith,Wednesday,2657194
Meander Smith,Wednesday,2668014
Ann Dull,Wednesday,2673646
Meander Smith,Wednesday,2690403
Ann Dull,Wednesday,2695763
Ann Dull,Wednesday,2717257
Morningstar Greene,Wednesday,2808792
Anne Ringer,Wednesday,2861809
Anne Ringer,Wednesday,2907899
Cheryl Carson,Wednesday,3141102
Anne Ringer,Wednesday,3146829
Anne Ringer,Wednesday,3149963
Ann Dull,Wednesday,3265051
Morningstar Greene,Wednesday,3280128
Meander Smith,Wednesday,3308031
Ann Dull,Wednesday,3347219
Morningstar Greene,Wednesday,3384856
Anne Ringer,Wednesday,3511492
Sylvia Panteley,Wednesday,3512491
Morningstar Greene,Wednesday,3538816
Cheryl Carson,Wednesday,3720192
Meander Smith,Wednesday,3784372
Cheryl Carson,Wednesday,3799906
Anne Ringer,Wednesday,3839467
Morningstar Greene,Wednesday,3889193
Johnson White,Wednesday,3949366
Meander Smith,Wednesday,3965953
Reginald Blotchet-Halls,Wednesday,3973328
Meander Smith,Wednesday,3976774
Meander Smith,Wednesday,3997668
Morningstar Greene,Wednesday,4008391
Meander Smith,Wednesday,4029383
Anne Ringer,Wednesday,4078397
Meander Smith,Wednesday,4082739
Meander Smith,Wednesday,4264320
Reginald Blotchet-Halls,Wednesday,4308796
Johnson White,Wednesday,4354487
Cheryl Carson,Wednesday,4374846
Cheryl Carson,Wednesday,4503668
Livia Karsen,Wednesday,4565196
Livia Karsen,Wednesday,4628808
Cheryl Carson,Wednesday,4635117
Cheryl Carson,Wednesday,4735997
Anne Ringer,Wednesday,4764767
Morningstar Greene,Wednesday,4797940
Cheryl Carson,Wednesday,4821345
Sylvia Panteley,Wednesday,4871876
Sylvia Panteley,Wednesday,4880710
Cheryl Carson,Wednesday,4897291
Reginald Blotchet-Halls,Wednesday,4936641
Sylvia Panteley,Wednesday,4939058
Cheryl Carson,Wednesday,4950929
Marjorie Green,Wednesday,4977343
Johnson White,Wednesday,4998943
Morningstar Greene,Wednesday,5013653
Johnson White,Wednesday,5035918
Sylvia Panteley,Wednesday,5078747
Meander Smith,Wednesday,5083058
Sylvia Panteley,Wednesday,5122396
Cheryl Carson,Wednesday,5136776
Reginald Blotchet-Halls,Wednesday,5166360
Reginald Blotchet-Halls,Wednesday,5251223
Anne Ringer,Wednesday,5291850
Morningstar Greene,Wednesday,5342272
Marjorie Green,Wednesday,5516484
Johnson White,Wednesday,5599162
Cheryl Carson,Wednesday,5654691
Burt Gringlesby,Wednesday,5662931
Marjorie Green,Wednesday,5708057
Reginald Blotchet-Halls,Wednesday,5714596
Reginald Blotchet-Halls,Wednesday,5722435
Reginald Blotchet-Halls,Wednesday,5726333
Johnson White,Wednesday,5735002
Reginald Blotchet-Halls,Wednesday,5748534
Cheryl Carson,Wednesday,5845068
Johnson White,Wednesday,5890855
Marjorie Green,Wednesday,5914083
Morningstar Greene,Wednesday,5920134
Reginald Blotchet-Halls,Wednesday,5927368
Morningstar Greene,Wednesday,6022548
Morningstar Greene,Wednesday,6036167
Charlene Locksley,Wednesday,6064414
Marjorie Green,Wednesday,6093983
Sylvia Panteley,Wednesday,6119984
Charlene Locksley,Wednesday,6174561
Sylvia Panteley,Wednesday,6178301
Marjorie Green,Wednesday,6208282
Sylvia Panteley,Wednesday,6225906
Marjorie Green,Wednesday,6272659
Reginald Blotchet-Halls,Wednesday,6309822
Burt Gringlesby,Wednesday,6346933
Johnson White,Wednesday,6404159
Charlene Locksley,Wednesday,6434626
Cheryl Carson,Wednesday,6512971
Marjorie Green,Wednesday,6555293
Livia Karsen,Wednesday,6594618
Burt Gringlesby,Wednesday,6598084
Sylvia Panteley,Wednesday,6625906
Johnson White,Wednesday,6699004
Marjorie Green,Wednesday,6787005
Reginald Blotchet-Halls,Wednesday,6847595
Marjorie Green,Wednesday,6914867
Michael O'Leary,Wednesday,7032563
Charlene Locksley,Wednesday,7104429
Charlene Locksley,Wednesday,7106468
Sheryl Hunter,Wednesday,7170175
Sylvia Panteley,Wednesday,7224449
Charlene Locksley,Wednesday,7232676
Reginald Blotchet-Halls,Wednesday,7270510
Marjorie Green,Wednesday,7273776
Dean Straight,Wednesday,7350777
Sylvia Panteley,Wednesday,7619568
Johnson White,Wednesday,7627867
Johnson White,Wednesday,7637780
Sheryl Hunter,Wednesday,7642246
Reginald Blotchet-Halls,Wednesday,7645125
Marjorie Green,Wednesday,7723745
Charlene Locksley,Wednesday,7746950
Charlene Locksley,Wednesday,7792333
Charlene Locksley,Wednesday,7792844
Michael O'Leary,Wednesday,7884156
Michael O'Leary,Wednesday,7920793
Burt Gringlesby,Wednesday,8026452
Johnson White,Wednesday,8071635
Burt Gringlesby,Wednesday,8084144
Burt Gringlesby,Wednesday,8095555
Burt Gringlesby,Wednesday,8107423
Johnson White,Wednesday,8111713
Charlene Locksley,Wednesday,8169177
Sheryl Hunter,Wednesday,8351449
Sylvia Panteley,Wednesday,8443191
Dean Straight,Wednesday,8449943
Charlene Locksley,Wednesday,8459075
Charlene Locksley,Wednesday,8488907
Morningstar Greene,Wednesday,8726917
Michael O'Leary,Wednesday,8754067
Charlene Locksley,Wednesday,8894561
Johnson White,Wednesday,8920670
Sheryl Hunter,Wednesday,8996860
Sylvia Panteley,Wednesday,9033760
Burt Gringlesby,Wednesday,9047118
Burt Gringlesby,Wednesday,9106568
Charlene Locksley,Wednesday,9270384
Dean Straight,Wednesday,9285846
Marjorie Green,Wednesday,9290687
Livia Karsen,Wednesday,9297479
Sheryl Hunter,Wednesday,9322611
Dean Straight,Wednesday,9461619
Burt Gringlesby,Wednesday,9541358
Michael O'Leary,Wednesday,9550705
Michael O'Leary,Wednesday,9587341
Sheryl Hunter,Wednesday,9590423
Michael O'Leary,Wednesday,9614819
Michael O'Leary,Wednesday,9651456
Burt Gringlesby,Wednesday,9660259
Marjorie Green,Wednesday,9713082
Burt Gringlesby,Wednesday,9806981
Abraham Bennet,Wednesday,9907272
Sheryl Hunter,Wednesday,9969973
Livia Karsen,Wednesday,9971967
Livia Karsen,Wednesday,10255676
Dean Straight,Wednesday,10345486
Sheryl Hunter,Wednesday,10392148
Sheryl Hunter,Wednesday,10401609
Michael O'Leary,Wednesday,10420616
Burt Gringlesby,Wednesday,10466402
Michael O'Leary,Wednesday,10466412
Michael O'Leary,Wednesday,10475571
Burt Gringlesby,Wednesday,10497285
Heather McBadden,Wednesday,10585961
Abraham Bennet,Wednesday,11087698
Sheryl Hunter,Wednesday,11143444
Michael O'Leary,Wednesday,11345482
Sheryl Hunter,Wednesday,11532748
Livia Karsen,Wednesday,11624807
Innes del Castillo,Wednesday,11659379
Sheryl Hunter,Wednesday,11735056
Dean Straight,Wednesday,11774409
Dean Straight,Wednesday,11795369
Livia Karsen,Wednesday,11897914
Sheryl Hunter,Wednesday,11937365
Sheryl Hunter,Wednesday,12104852
Michael O'Leary,Wednesday,12206234
Innes del Castillo,Wednesday,12306885
Heather McBadden,Wednesday,12370391
Abraham Bennet,Wednesday,12599948
Dean Straight,Wednesday,12743215
Livia Karsen,Wednesday,12767701
Dean Straight,Wednesday,12804439
Dean Straight,Wednesday,12855372
Heather McBadden,Wednesday,12905836
Innes del Castillo,Wednesday,12993866
Innes del Castillo,Wednesday,13162269
Abraham Bennet,Wednesday,13280201
Abraham Bennet,Wednesday,13792675
Livia Karsen,Wednesday,14179240
Abraham Bennet,Wednesday,14253544
Livia Karsen,Wednesday,14356929
Livia Karsen,Wednesday,14388735
Dean Straight,Wednesday,14399904
Abraham Bennet,Wednesday,14507824
Abraham Bennet,Wednesday,14631787
Dean Straight,Wednesday,14720857
Heather McBadden,Wednesday,14830291
Innes del Castillo,Wednesday,15199051
Heather McBadden,Wednesday,15305197
Dean Straight,Wednesday,15346593
Heather McBadden,Wednesday,15713318
Abraham Bennet,Wednesday,15830734
Livia Karsen,Wednesday,15935555
Livia Karsen,Wednesday,16198060
Dean Straight,Wednesday,16759017
Abraham Bennet,Wednesday,17103206
Innes del Castillo,Wednesday,17234860
Abraham Bennet,Wednesday,17259606
Heather McBadden,Wednesday,17306539
Innes del Castillo,Wednesday,17338313
Abraham Bennet,Wednesday,17560172
Michel DeFrance,Wednesday,17948312
Innes del Castillo,Wednesday,18311491
Albert Ringer,Wednesday,18314662
Innes del Castillo,Wednesday,18687142
Heather McBadden,Wednesday,18924861
Innes del Castillo,Wednesday,19373151
Innes del Castillo,Wednesday,19400229
Heather McBadden,Wednesday,19474457
Heather McBadden,Wednesday,19791127
Innes del Castillo,Wednesday,20255613
Abraham Bennet,Wednesday,20344916
Heather McBadden,Wednesday,20993289
Heather McBadden,Wednesday,21342600
Albert Ringer,Wednesday,22133358
Michel DeFrance,Wednesday,22263136
Abraham Bennet,Wednesday,22683225
Albert Ringer,Wednesday,22902820
Heather McBadden,Wednesday,23924371
Innes del Castillo,Wednesday,24652273
Albert Ringer,Wednesday,24858998
Innes del Castillo,Wednesday,25155538
Heather McBadden,Wednesday,26011432
Albert Ringer,Wednesday,26581537
Michel DeFrance,Wednesday,26755697
Albert Ringer,Wednesday,28261260
Albert Ringer,Wednesday,28422550
Michel DeFrance,Wednesday,28470077
Dirk Stringer,Wednesday,29673329
Albert Ringer,Wednesday,30008010
Dirk Stringer,Wednesday,30148296
Albert Ringer,Wednesday,30534328
Dirk Stringer,Wednesday,30649711
Dirk Stringer,Wednesday,31850354
Michel DeFrance,Wednesday,31881323
Albert Ringer,Wednesday,32101947
Michel DeFrance,Wednesday,32182968
Albert Ringer,Wednesday,32223207
Michel DeFrance,Wednesday,32442603
Michel DeFrance,Wednesday,32952350
Michel DeFrance,Wednesday,33420853
Albert Ringer,Wednesday,34036059
Michel DeFrance,Wednesday,34507446
Michel DeFrance,Wednesday,34767847
Albert Ringer,Wednesday,34870028
Michel DeFrance,Wednesday,35720244
Michel DeFrance,Wednesday,35905381
Albert Ringer,Wednesday,38469653
Dirk Stringer,Wednesday,39555623
Michel DeFrance,Wednesday,39985658
Dirk Stringer,Wednesday,41006973
Dirk Stringer,Wednesday,45585282
Dirk Stringer,Wednesday,45835990
Dirk Stringer,Wednesday,47762307
Dirk Stringer,Wednesday,48237274
Dirk Stringer,Wednesday,53567707
Dirk Stringer,Wednesday,58845243
Dirk Stringer,Wednesday,61272976
Dirk Stringer,Wednesday,78385571
Stearns MacFeather,Thursday ,900904
Stearns MacFeather,Thursday ,1070764
Stearns MacFeather,Thursday ,1209563
Stearns MacFeather,Thursday ,1478363
Stearns MacFeather,Thursday ,1495209
Stearns MacFeather,Thursday ,1501965
Stearns MacFeather,Thursday ,1522797
Stearns MacFeather,Thursday ,1567317
Stearns MacFeather,Thursday ,1632196
Ann Dull,Thursday ,1658432
Stearns MacFeather,Thursday ,1772104
Stearns MacFeather,Thursday ,1920166
Stearns MacFeather,Thursday ,1952769
Ann Dull,Thursday ,2014951
Stearns MacFeather,Thursday ,2198950
Ann Dull,Thursday ,2234620
Anne Ringer,Thursday ,2337860
Stearns MacFeather,Thursday ,2362422
Morningstar Greene,Thursday ,2387217
Ann Dull,Thursday ,2437538
Ann Dull,Thursday ,2486855
Ann Dull,Thursday ,2546592
Meander Smith,Thursday ,2603838
Ann Dull,Thursday ,2624017
Meander Smith,Thursday ,2657194
Meander Smith,Thursday ,2689656
Anne Ringer,Thursday ,2745479
Ann Dull,Thursday ,2782102
Ann Dull,Thursday ,2793772
Ann Dull,Thursday ,2803908
Ann Dull,Thursday ,2832614
Anne Ringer,Thursday ,2947721
Morningstar Greene,Thursday ,3019260
Ann Dull,Thursday ,3045694
Anne Ringer,Thursday ,3067186
Sylvia Panteley,Thursday ,3129777
Ann Dull,Thursday ,3144613
Ann Dull,Thursday ,3221726
Meander Smith,Thursday ,3274075
Morningstar Greene,Thursday ,3297526
Meander Smith,Thursday ,3604904
Morningstar Greene,Thursday ,3607996
Morningstar Greene,Thursday ,3608747
Anne Ringer,Thursday ,3630957
Cheryl Carson,Thursday ,3648395
Anne Ringer,Thursday ,3673912
Morningstar Greene,Thursday ,3684969
Meander Smith,Thursday ,3689975
Cheryl Carson,Thursday ,3823698
Morningstar Greene,Thursday ,3832120
Anne Ringer,Thursday ,3876155
Anne Ringer,Thursday ,3915976
Cheryl Carson,Thursday ,4009927
Sylvia Panteley,Thursday ,4032663
Meander Smith,Thursday ,4071171
Meander Smith,Thursday ,4103633
Cheryl Carson,Thursday ,4241875
Cheryl Carson,Thursday ,4267190
Anne Ringer,Thursday ,4522703
Morningstar Greene,Thursday ,4578076
Anne Ringer,Thursday ,4602346
Morningstar Greene,Thursday ,4641148
Morningstar Greene,Thursday ,4717371
Anne Ringer,Thursday ,4728079
Cheryl Carson,Thursday ,4849668
Anne Ringer,Thursday ,4884231
Cheryl Carson,Thursday ,4921845
Cheryl Carson,Thursday ,4971333
Johnson White,Thursday ,5004568
Meander Smith,Thursday ,5008061
Meander Smith,Thursday ,5030449
Anne Ringer,Thursday ,5049786
Cheryl Carson,Thursday ,5128858
Morningstar Greene,Thursday ,5171491
Johnson White,Thursday ,5282759
Michael O'Leary,Thursday ,5320218
Meander Smith,Thursday ,5400825
Reginald Blotchet-Halls,Thursday ,5406542
Meander Smith,Thursday ,5422466
Reginald Blotchet-Halls,Thursday ,5441791
Cheryl Carson,Thursday ,5472612
Morningstar Greene,Thursday ,5483560
Marjorie Green,Thursday ,5526268
Johnson White,Thursday ,5573859
Johnson White,Thursday ,5620749
Reginald Blotchet-Halls,Thursday ,5688500
Anne Ringer,Thursday ,5696334
Sylvia Panteley,Thursday ,5706656
Marjorie Green,Thursday ,5735074
Marjorie Green,Thursday ,5773657
Reginald Blotchet-Halls,Thursday ,5775944
Marjorie Green,Thursday ,5785330
Marjorie Green,Thursday ,5899630
Johnson White,Thursday ,5900873
Sheryl Hunter,Thursday ,5910034
Johnson White,Thursday ,5928119
Burt Gringlesby,Thursday ,5928276
Reginald Blotchet-Halls,Thursday ,5995240
Sylvia Panteley,Thursday ,6000764
Marjorie Green,Thursday ,6003255
Reginald Blotchet-Halls,Thursday ,6016130
Johnson White,Thursday ,6029782
Cheryl Carson,Thursday ,6044164
Charlene Locksley,Thursday ,6066453
Reginald Blotchet-Halls,Thursday ,6068325
Sylvia Panteley,Thursday ,6120462
Michael O'Leary,Thursday ,6135174
Marjorie Green,Thursday ,6156803
Michael O'Leary,Thursday ,6162652
Charlene Locksley,Thursday ,6174561
Charlene Locksley,Thursday ,6193172
Marjorie Green,Thursday ,6193271
Cheryl Carson,Thursday ,6201309
Johnson White,Thursday ,6216048
Reginald Blotchet-Halls,Thursday ,6232797
Sylvia Panteley,Thursday ,6245483
Cheryl Carson,Thursday ,6251559
Charlene Locksley,Thursday ,6251814
Reginald Blotchet-Halls,Thursday ,6254995
Burt Gringlesby,Thursday ,6276072
Marjorie Green,Thursday ,6298120
Marjorie Green,Thursday ,6310684
Marjorie Green,Thursday ,6349266
Livia Karsen,Thursday ,6349723
Burt Gringlesby,Thursday ,6481966
Burt Gringlesby,Thursday ,6495136
Burt Gringlesby,Thursday ,6500703
Reginald Blotchet-Halls,Thursday ,6512127
Sylvia Panteley,Thursday ,6525847
Meander Smith,Thursday ,6528750
Burt Gringlesby,Thursday ,6634255
Morningstar Greene,Thursday ,6650676
Morningstar Greene,Thursday ,6726898
Burt Gringlesby,Thursday ,6770590
Charlene Locksley,Thursday ,6808410
Cheryl Carson,Thursday ,6898296
Michael O'Leary,Thursday ,6968449
Charlene Locksley,Thursday ,6978221
Michael O'Leary,Thursday ,6986767
Reginald Blotchet-Halls,Thursday ,7018591
Sylvia Panteley,Thursday ,7036646
Michael O'Leary,Thursday ,7050881
Michael O'Leary,Thursday ,7069200
Charlene Locksley,Thursday ,7078169
Johnson White,Thursday ,7137955
Reginald Blotchet-Halls,Thursday ,7138658
Johnson White,Thursday ,7146456
Marjorie Green,Thursday ,7173597
Sylvia Panteley,Thursday ,7181275
Johnson White,Thursday ,7237959
Burt Gringlesby,Thursday ,7312691
Sylvia Panteley,Thursday ,7372080
Johnson White,Thursday ,7404049
Livia Karsen,Thursday ,7417534
Charlene Locksley,Thursday ,7477702
Reginald Blotchet-Halls,Thursday ,7569412
Charlene Locksley,Thursday ,7612581
Charlene Locksley,Thursday ,7803042
Sylvia Panteley,Thursday ,7812218
Burt Gringlesby,Thursday ,7868140
Sheryl Hunter,Thursday ,7948782
Charlene Locksley,Thursday ,7953983
Sylvia Panteley,Thursday ,8020966
Burt Gringlesby,Thursday ,8021453
Marjorie Green,Thursday ,8083320
Johnson White,Thursday ,8091554
Dean Straight,Thursday ,8094512
Sylvia Panteley,Thursday ,8097491
Burt Gringlesby,Thursday ,8143594
Charlene Locksley,Thursday ,8146994
Livia Karsen,Thursday ,8205050
Livia Karsen,Thursday ,8236856
Charlene Locksley,Thursday ,8274224
Sylvia Panteley,Thursday ,8308349
Michael O'Leary,Thursday ,8708271
Livia Karsen,Thursday ,8751264
Burt Gringlesby,Thursday ,8767122
Michael O'Leary,Thursday ,8799863
Reginald Blotchet-Halls,Thursday ,8852520
Sheryl Hunter,Thursday ,8908239
Marjorie Green,Thursday ,8916435
Burt Gringlesby,Thursday ,9006404
Burt Gringlesby,Thursday ,9044335
Johnson White,Thursday ,9140927
Charlene Locksley,Thursday ,9262224
Sheryl Hunter,Thursday ,9922027
Sheryl Hunter,Thursday ,10002844
Abraham Bennet,Thursday ,10042842
Dean Straight,Thursday ,10171956
Livia Karsen,Thursday ,10234472
Sheryl Hunter,Thursday ,10268706
Livia Karsen,Thursday ,10454570
Sheryl Hunter,Thursday ,10471014
Innes del Castillo,Thursday ,10880710
Heather McBadden,Thursday ,10899019
Dean Straight,Thursday ,11001100
Sheryl Hunter,Thursday ,11050922
Sheryl Hunter,Thursday ,11234015
Sheryl Hunter,Thursday ,11239868
Livia Karsen,Thursday ,11242086
Dean Straight,Thursday ,11270478
Michael O'Leary,Thursday ,11318005
Michael O'Leary,Thursday ,11354641
Dean Straight,Thursday ,11568351
Sheryl Hunter,Thursday ,11704136
Sheryl Hunter,Thursday ,11937365
Livia Karsen,Thursday ,12096807
Sheryl Hunter,Thursday ,12135772
Michael O'Leary,Thursday ,12178757
Heather McBadden,Thursday ,12494615
Innes del Castillo,Thursday ,12801301
Abraham Bennet,Thursday ,12840579
Livia Karsen,Thursday ,12841915
Dean Straight,Thursday ,13019121
Dean Straight,Thursday ,13360927
Dean Straight,Thursday ,13548807
Innes del Castillo,Thursday ,13552260
Abraham Bennet,Thursday ,13635252
Abraham Bennet,Thursday ,13661615
Innes del Castillo,Thursday ,13862619
Dean Straight,Thursday ,13889363
Dean Straight,Thursday ,13911317
Dean Straight,Thursday ,14470694
Abraham Bennet,Thursday ,14570029
Abraham Bennet,Thursday ,14926614
Dean Straight,Thursday ,14929012
Michael O'Leary,Thursday ,15612606
Sheryl Hunter,Thursday ,15700522
Innes del Castillo,Thursday ,15809316
Abraham Bennet,Thursday ,15909813
Heather McBadden,Thursday ,16101490
Michael O'Leary,Thursday ,16528313
Dean Straight,Thursday ,16703637
Innes del Castillo,Thursday ,16793629
Abraham Bennet,Thursday ,16903727
Dean Straight,Thursday ,16974224
Innes del Castillo,Thursday ,17027613
Livia Karsen,Thursday ,17248081
Livia Karsen,Thursday ,17272879
Heather McBadden,Thursday ,17671717
Livia Karsen,Thursday ,17787288
Innes del Castillo,Thursday ,17805651
Innes del Castillo,Thursday ,18181301
Heather McBadden,Thursday ,18237549
Abraham Bennet,Thursday ,18319610
Heather McBadden,Thursday ,18347044
Heather McBadden,Thursday ,18692829
Abraham Bennet,Thursday ,18782684
Abraham Bennet,Thursday ,18885140
Abraham Bennet,Thursday ,18915088
Abraham Bennet,Thursday ,19367494
Abraham Bennet,Thursday ,19373427
Innes del Castillo,Thursday ,19504654
Innes del Castillo,Thursday ,19517392
Livia Karsen,Thursday ,20682034
Innes del Castillo,Thursday ,20736320
Albert Ringer,Thursday ,20766573
Albert Ringer,Thursday ,21237238
Heather McBadden,Thursday ,22341241
Heather McBadden,Thursday ,22387563
Albert Ringer,Thursday ,22474772
Heather McBadden,Thursday ,22995826
Innes del Castillo,Thursday ,24248914
Albert Ringer,Thursday ,24791058
Albert Ringer,Thursday ,25553930
Heather McBadden,Thursday ,25799861
Heather McBadden,Thursday ,26118673
Albert Ringer,Thursday ,26312659
Innes del Castillo,Thursday ,27022945
Albert Ringer,Thursday ,27082906
Michel DeFrance,Thursday ,28375769
Albert Ringer,Thursday ,28476422
Heather McBadden,Thursday ,28621316
Heather McBadden,Thursday ,28879130
Michel DeFrance,Thursday ,28920892
Michel DeFrance,Thursday ,29105263
Albert Ringer,Thursday ,30937792
Albert Ringer,Thursday ,31652965
Albert Ringer,Thursday ,32013427
Michel DeFrance,Thursday ,32275153
Michel DeFrance,Thursday ,32785667
Michel DeFrance,Thursday ,33094121
Dirk Stringer,Thursday ,34726606
Michel DeFrance,Thursday ,34950861
Michel DeFrance,Thursday ,35059969
Michel DeFrance,Thursday ,35428121
Michel DeFrance,Thursday ,36165016
Dirk Stringer,Thursday ,36428663
Albert Ringer,Thursday ,36722577
Michel DeFrance,Thursday ,36733105
Albert Ringer,Thursday ,37547649
Michel DeFrance,Thursday ,37995312
Michel DeFrance,Thursday ,39417569
Dirk Stringer,Thursday ,39555623
Albert Ringer,Thursday ,40106741
Michel DeFrance,Thursday ,40847992
Dirk Stringer,Thursday ,42207615
Dirk Stringer,Thursday ,46561665
Dirk Stringer,Thursday ,48013015
Dirk Stringer,Thursday ,49688624
Dirk Stringer,Thursday ,50163592
Dirk Stringer,Thursday ,53791966
Dirk Stringer,Thursday ,58146016
Dirk Stringer,Thursday ,60771560
Dirk Stringer,Thursday ,61022268
Dirk Stringer,Thursday ,62222910
Stearns MacFeather,Friday   ,1235795
Stearns MacFeather,Friday   ,1280808
Stearns MacFeather,Friday   ,1364834
Stearns MacFeather,Friday   ,1539399
Stearns MacFeather,Friday   ,1826463
Meander Smith,Friday   ,1934348
Stearns MacFeather,Friday   ,2048343
Stearns MacFeather,Friday   ,2050541
Ann Dull,Friday   ,2102512
Stearns MacFeather,Friday   ,2159957
Stearns MacFeather,Friday   ,2171012
Stearns MacFeather,Friday   ,2209182
Stearns MacFeather,Friday   ,2212901
Ann Dull,Friday   ,2233710
Anne Ringer,Friday   ,2301173
Ann Dull,Friday   ,2310511
Stearns MacFeather,Friday   ,2351125
Anne Ringer,Friday   ,2420638
Ann Dull,Friday   ,2453379
Ann Dull,Friday   ,2475185
Ann Dull,Friday   ,2502981
Ann Dull,Friday   ,2508972
Ann Dull,Friday   ,2579470
Anne Ringer,Friday   ,2583058
Meander Smith,Friday   ,2583691
Stearns MacFeather,Friday   ,2636996
Ann Dull,Friday   ,2673022
Ann Dull,Friday   ,2751044
Anne Ringer,Friday   ,2864944
Meander Smith,Friday   ,2924593
Stearns MacFeather,Friday   ,2935073
Meander Smith,Friday   ,2946235
Ann Dull,Friday   ,2947062
Morningstar Greene,Friday   ,2953676
Cheryl Carson,Friday   ,2962030
Morningstar Greene,Friday   ,3000297
Anne Ringer,Friday   ,3024230
Morningstar Greene,Friday   ,3036425
Anne Ringer,Friday   ,3107007
Ann Dull,Friday   ,3150889
Meander Smith,Friday   ,3296463
Ann Dull,Friday   ,3298838
Ann Dull,Friday   ,3445539
Sylvia Panteley,Friday   ,3521833
Meander Smith,Friday   ,3614977
Meander Smith,Friday   ,3625798
Meander Smith,Friday   ,3669828
Anne Ringer,Friday   ,3670778
Morningstar Greene,Friday   ,3684168
Meander Smith,Friday   ,3720942
Anne Ringer,Friday   ,3876155
Anne Ringer,Friday   ,4035441
Cheryl Carson,Friday   ,4038630
Anne Ringer,Friday   ,4075263
Morningstar Greene,Friday   ,4186326
Cheryl Carson,Friday   ,4217321
Johnson White,Friday   ,4248019
Johnson White,Friday   ,4286612
Meander Smith,Friday   ,4329244
Sylvia Panteley,Friday   ,4330758
Morningstar Greene,Friday   ,4362031
Morningstar Greene,Friday   ,4413428
Anne Ringer,Friday   ,4439925
Sylvia Panteley,Friday   ,4452269
Morningstar Greene,Friday   ,4472252
Morningstar Greene,Friday   ,4552353
Anne Ringer,Friday   ,4568793
Morningstar Greene,Friday   ,4594294
Johnson White,Friday   ,4653961
Morningstar Greene,Friday   ,4716619
Marjorie Green,Friday   ,4757529
Cheryl Carson,Friday   ,4800560
Johnson White,Friday   ,4803816
Livia Karsen,Friday   ,5015992
Morningstar Greene,Friday   ,5039426
Marjorie Green,Friday   ,5041053
Meander Smith,Friday   ,5051343
Meander Smith,Friday   ,5071490
Charlene Locksley,Friday   ,5107263
Cheryl Carson,Friday   ,5236514
Livia Karsen,Friday   ,5342110
Meander Smith,Friday   ,5359784
Anne Ringer,Friday   ,5371493
Cheryl Carson,Friday   ,5397808
Anne Ringer,Friday   ,5414449
Meander Smith,Friday   ,5423214
Sylvia Panteley,Friday   ,5450303
Johnson White,Friday   ,5525743
Cheryl Carson,Friday   ,5622219
Charlene Locksley,Friday   ,5637088
Reginald Blotchet-Halls,Friday   ,5728959
Reginald Blotchet-Halls,Friday   ,5796831
Charlene Locksley,Friday   ,5822449
Sylvia Panteley,Friday   ,5922870
Charlene Locksley,Friday   ,5983589
Sylvia Panteley,Friday   ,5999426
Sylvia Panteley,Friday   ,6038580
Burt Gringlesby,Friday   ,6058309
Burt Gringlesby,Friday   ,6071936
Marjorie Green,Friday   ,6079862
Cheryl Carson,Friday   ,6102332
Marjorie Green,Friday   ,6131675
Johnson White,Friday   ,6148318
Marjorie Green,Friday   ,6157136
Cheryl Carson,Friday   ,6165449
Johnson White,Friday   ,6243155
Michael O'Leary,Friday   ,6245085
Reginald Blotchet-Halls,Friday   ,6281097
Johnson White,Friday   ,6289168
Cheryl Carson,Friday   ,6466871
Burt Gringlesby,Friday   ,6525006
Sylvia Panteley,Friday   ,6535635
Morningstar Greene,Friday   ,6537856
Reginald Blotchet-Halls,Friday   ,6594364
Sylvia Panteley,Friday   ,6597940
Reginald Blotchet-Halls,Friday   ,6606098
Charlene Locksley,Friday   ,6623560
Marjorie Green,Friday   ,6630677
Reginald Blotchet-Halls,Friday   ,6670075
Burt Gringlesby,Friday   ,6703814
Burt Gringlesby,Friday   ,6739985
Johnson White,Friday   ,6767066
Reginald Blotchet-Halls,Friday   ,6791456
Charlene Locksley,Friday   ,6865525
Sylvia Panteley,Friday   ,6882227
Burt Gringlesby,Friday   ,6909708
Charlene Locksley,Friday   ,6999382
Marjorie Green,Friday   ,7004039
Michael O'Leary,Friday   ,7005085
Michael O'Leary,Friday   ,7041722
Charlene Locksley,Friday   ,7047315
Cheryl Carson,Friday   ,7064119
Cheryl Carson,Friday   ,7095829
Reginald Blotchet-Halls,Friday   ,7099514
Burt Gringlesby,Friday   ,7188224
Reginald Blotchet-Halls,Friday   ,7188272
Sylvia Panteley,Friday   ,7195051
Burt Gringlesby,Friday   ,7198332
Charlene Locksley,Friday   ,7208965
Johnson White,Friday   ,7209033
Marjorie Green,Friday   ,7209399
Charlene Locksley,Friday   ,7236248
Reginald Blotchet-Halls,Friday   ,7263986
Marjorie Green,Friday   ,7377401
Morningstar Greene,Friday   ,7379985
Reginald Blotchet-Halls,Friday   ,7583774
Cheryl Carson,Friday   ,7589571
Reginald Blotchet-Halls,Friday   ,7599454
Johnson White,Friday   ,7663370
Charlene Locksley,Friday   ,7692896
Cheryl Carson,Friday   ,7714244
Sheryl Hunter,Friday   ,7752326
Reginald Blotchet-Halls,Friday   ,7770450
Burt Gringlesby,Friday   ,7821860
Reginald Blotchet-Halls,Friday   ,7822645
Michael O'Leary,Friday   ,7874997
Burt Gringlesby,Friday   ,7883816
Livia Karsen,Friday   ,8194448
Marjorie Green,Friday   ,8199509
Charlene Locksley,Friday   ,8337454
Dean Straight,Friday   ,8523071
Charlene Locksley,Friday   ,8595993
Charlene Locksley,Friday   ,8603641
Johnson White,Friday   ,8655160
Sylvia Panteley,Friday   ,8665683
Marjorie Green,Friday   ,8739316
Sylvia Panteley,Friday   ,8815193
Johnson White,Friday   ,8851944
Sheryl Hunter,Friday   ,8931356
Marjorie Green,Friday   ,8970694
Innes del Castillo,Friday   ,8974460
Burt Gringlesby,Friday   ,9033948
Livia Karsen,Friday   ,9212663
Heather McBadden,Friday   ,9308707
Dean Straight,Friday   ,9310313
Sheryl Hunter,Friday   ,9318709
Burt Gringlesby,Friday   ,9377480
Burt Gringlesby,Friday   ,9451581
Michael O'Leary,Friday   ,9623978
Michael O'Leary,Friday   ,9678933
Livia Karsen,Friday   ,9794278
Sheryl Hunter,Friday   ,10081710
Sheryl Hunter,Friday   ,10197349
Johnson White,Friday   ,10412557
Sheryl Hunter,Friday   ,10486621
Michael O'Leary,Friday   ,10512208
Michael O'Leary,Friday   ,10548845
Sheryl Hunter,Friday   ,10642403
Sheryl Hunter,Friday   ,10758042
Sheryl Hunter,Friday   ,10946988
Sylvia Panteley,Friday   ,10983026
Michael O'Leary,Friday   ,11281368
Michael O'Leary,Friday   ,11308845
Michael O'Leary,Friday   ,11327164
Michael O'Leary,Friday   ,11345482
Sheryl Hunter,Friday   ,11428521
Dean Straight,Friday   ,11428571
Dean Straight,Friday   ,11468567
Marjorie Green,Friday   ,11524966
Abraham Bennet,Friday   ,11573829
Dean Straight,Friday   ,11611184
Dean Straight,Friday   ,11802986
Livia Karsen,Friday   ,12065001
Innes del Castillo,Friday   ,12072901
Abraham Bennet,Friday   ,12097030
Michael O'Leary,Friday   ,12123802
Dean Straight,Friday   ,12347573
Livia Karsen,Friday   ,12380517
Burt Gringlesby,Friday   ,12396158
Dean Straight,Friday   ,12840082
Dean Straight,Friday   ,12901240
Innes del Castillo,Friday   ,13099263
Sheryl Hunter,Friday   ,13234040
Innes del Castillo,Friday   ,13253957
Heather McBadden,Friday   ,13259684
Dean Straight,Friday   ,13483406
Dean Straight,Friday   ,13490081
Livia Karsen,Friday   ,13650635
Sheryl Hunter,Friday   ,13842917
Livia Karsen,Friday   ,14083822
Dean Straight,Friday   ,14156175
Livia Karsen,Friday   ,14211046
Abraham Bennet,Friday   ,14243700
Livia Karsen,Friday   ,14264056
Livia Karsen,Friday   ,14598230
Abraham Bennet,Friday   ,15053618
Heather McBadden,Friday   ,15242538
Heather McBadden,Friday   ,15250010
Dean Straight,Friday   ,15440949
Sheryl Hunter,Friday   ,15500165
Sheryl Hunter,Friday   ,15548404
Innes del Castillo,Friday   ,15600466
Abraham Bennet,Friday   ,15688162
Livia Karsen,Friday   ,15694253
Heather McBadden,Friday   ,15785433
Abraham Bennet,Friday   ,15841924
Abraham Bennet,Friday   ,15885937
Innes del Castillo,Friday   ,15899401
Heather McBadden,Friday   ,16117357
Abraham Bennet,Friday   ,16393279
Michael O'Leary,Friday   ,16409243
Albert Ringer,Friday   ,16731498
Innes del Castillo,Friday   ,16974429
Dean Straight,Friday   ,17244621
Abraham Bennet,Friday   ,17299536
Innes del Castillo,Friday   ,17752466
Heather McBadden,Friday   ,17990239
Heather McBadden,Friday   ,18008817
Heather McBadden,Friday   ,18008850
Innes del Castillo,Friday   ,18388207
Abraham Bennet,Friday   ,18453242
Heather McBadden,Friday   ,18790155
Abraham Bennet,Friday   ,19036185
Albert Ringer,Friday   ,19215082
Innes del Castillo,Friday   ,19283066
Albert Ringer,Friday   ,19305994
Albert Ringer,Friday   ,19411237
Abraham Bennet,Friday   ,19424100
Innes del Castillo,Friday   ,19425363
Innes del Castillo,Friday   ,19453414
Innes del Castillo,Friday   ,19607135
Heather McBadden,Friday   ,19948616
Abraham Bennet,Friday   ,20784307
Albert Ringer,Friday   ,20830150
Heather McBadden,Friday   ,20863702
Michel DeFrance,Friday   ,21778476
Albert Ringer,Friday   ,21977012
Innes del Castillo,Friday   ,22031963
Abraham Bennet,Friday   ,22160506
Albert Ringer,Friday   ,22418705
Heather McBadden,Friday   ,23142284
Heather McBadden,Friday   ,24152400
Livia Karsen,Friday   ,24432372
Michel DeFrance,Friday   ,26144242
Albert Ringer,Friday   ,26226218
Albert Ringer,Friday   ,27369093
Albert Ringer,Friday   ,27587804
Michel DeFrance,Friday   ,29171005
Michel DeFrance,Friday   ,29265313
Albert Ringer,Friday   ,29564483
Albert Ringer,Friday   ,30626186
Michel DeFrance,Friday   ,30770233
Michel DeFrance,Friday   ,31555947
Albert Ringer,Friday   ,33823705
Dirk Stringer,Friday   ,34502346
Michel DeFrance,Friday   ,35077657
Michel DeFrance,Friday   ,36297855
Michel DeFrance,Friday   ,36590743
Michel DeFrance,Friday   ,37375691
Dirk Stringer,Friday   ,37629306
Dirk Stringer,Friday   ,38354980
Michel DeFrance,Friday   ,38497660
Michel DeFrance,Friday   ,39627794
Michel DeFrance,Friday   ,40102931
Dirk Stringer,Friday   ,40281298
Michel DeFrance,Friday   ,41725125
Albert Ringer,Friday   ,42404974
Dirk Stringer,Friday   ,42933290
Dirk Stringer,Friday   ,44635347
Dirk Stringer,Friday   ,45361022
Dirk Stringer,Friday   ,46310957
Dirk Stringer,Friday   ,50414299
Dirk Stringer,Friday   ,51865649
Dirk Stringer,Friday   ,58845243
Dirk Stringer,Friday   ,69453212
Dirk Stringer,Friday   ,73081587
Livia Karsen,Saturday ,935944
Stearns MacFeather,Saturday ,1241692
Anne Ringer,Saturday ,1372739
Stearns MacFeather,Saturday ,1485325
Stearns MacFeather,Saturday ,1490873
Stearns MacFeather,Saturday ,1549012
Stearns MacFeather,Saturday ,1622234
Stearns MacFeather,Saturday ,1740547
Stearns MacFeather,Saturday ,1774138
Anne Ringer,Saturday ,1813911
Stearns MacFeather,Saturday ,1815881
Stearns MacFeather,Saturday ,1893787
Ann Dull,Saturday ,2173634
Stearns MacFeather,Saturday ,2270691
Livia Karsen,Saturday ,2347482
Ann Dull,Saturday ,2376552
Ann Dull,Saturday ,2442619
Anne Ringer,Saturday ,2463593
Ann Dull,Saturday ,2465335
Ann Dull,Saturday ,2503579
Ann Dull,Saturday ,2507724
Ann Dull,Saturday ,2530492
Stearns MacFeather,Saturday ,2583066
Stearns MacFeather,Saturday ,2595476
Meander Smith,Saturday ,2615406
Meander Smith,Saturday ,2648615
Anne Ringer,Saturday ,2662701
Ann Dull,Saturday ,2701130
Meander Smith,Saturday ,2710550
Stearns MacFeather,Saturday ,2740293
Ann Dull,Saturday ,2749225
Ann Dull,Saturday ,2754279
Stearns MacFeather,Saturday ,2820825
Meander Smith,Saturday ,2914520
Ann Dull,Saturday ,2964124
Ann Dull,Saturday ,3051685
Ann Dull,Saturday ,3128798
Meander Smith,Saturday ,3254675
Meander Smith,Saturday ,3265496
Cheryl Carson,Saturday ,3305784
Ann Dull,Saturday ,3309598
Meander Smith,Saturday ,3318105
Anne Ringer,Saturday ,3474804
Morningstar Greene,Saturday ,3480842
Morningstar Greene,Saturday ,3482025
Morningstar Greene,Saturday ,3510680
Morningstar Greene,Saturday ,3510729
Cheryl Carson,Saturday ,3513178
Anne Ringer,Saturday ,3597403
Morningstar Greene,Saturday ,3640566
Meander Smith,Saturday ,3658260
Cheryl Carson,Saturday ,3757193
Anne Ringer,Saturday ,3876155
Morningstar Greene,Saturday ,3911420
Anne Ringer,Saturday ,3912842
Anne Ringer,Saturday ,3958932
Anne Ringer,Saturday ,3998754
Meander Smith,Saturday ,4029383
Anne Ringer,Saturday ,4038575
Sylvia Panteley,Saturday ,4041052
Meander Smith,Saturday ,4166316
Charlene Locksley,Saturday ,4193968
Sylvia Panteley,Saturday ,4239565
Anne Ringer,Saturday ,4240817
Meander Smith,Saturday ,4285962
Morningstar Greene,Saturday ,4308651
Morningstar Greene,Saturday ,4331296
Cheryl Carson,Saturday ,4345382
Meander Smith,Saturday ,4370286
Johnson White,Saturday ,4441360
Anne Ringer,Saturday ,4522703
Marjorie Green,Saturday ,4578187
Anne Ringer,Saturday ,4645302
Sylvia Panteley,Saturday ,4654262
Reginald Blotchet-Halls,Saturday ,4663839
Cheryl Carson,Saturday ,4742773
Cheryl Carson,Saturday ,4743154
Sylvia Panteley,Saturday ,4789549
Cheryl Carson,Saturday ,4796030
Morningstar Greene,Saturday ,4807212
Cheryl Carson,Saturday ,4917315
Cheryl Carson,Saturday ,5057062
Livia Karsen,Saturday ,5069002
Cheryl Carson,Saturday ,5136776
Cheryl Carson,Saturday ,5185884
Morningstar Greene,Saturday ,5220279
Marjorie Green,Saturday ,5232626
Marjorie Green,Saturday ,5272208
Morningstar Greene,Saturday ,5286429
Marjorie Green,Saturday ,5322131
Meander Smith,Saturday ,5380678
Charlene Locksley,Saturday ,5475437
Charlene Locksley,Saturday ,5507819
Sylvia Panteley,Saturday ,5516594
Johnson White,Saturday ,5595191
Johnson White,Saturday ,5667716
Burt Gringlesby,Saturday ,5687234
Morningstar Greene,Saturday ,5711895
Reginald Blotchet-Halls,Saturday ,5795520
Reginald Blotchet-Halls,Saturday ,5816409
Johnson White,Saturday ,5823442
Sheryl Hunter,Saturday ,5844530
Johnson White,Saturday ,5853452
Reginald Blotchet-Halls,Saturday ,5884278
Sylvia Panteley,Saturday ,5889995
Johnson White,Saturday ,5911913
Sylvia Panteley,Saturday ,5946466
Reginald Blotchet-Halls,Saturday ,6068325
Reginald Blotchet-Halls,Saturday ,6125778
Sylvia Panteley,Saturday ,6145872
Reginald Blotchet-Halls,Saturday ,6198860
Cheryl Carson,Saturday ,6301428
Reginald Blotchet-Halls,Saturday ,6363332
Livia Karsen,Saturday ,6374521
Morningstar Greene,Saturday ,6392885
Cheryl Carson,Saturday ,6437787
Burt Gringlesby,Saturday ,6462772
Meander Smith,Saturday ,6476142
Marjorie Green,Saturday ,6477129
Burt Gringlesby,Saturday ,6531308
Charlene Locksley,Saturday ,6540696
Marjorie Green,Saturday ,6593318
Johnson White,Saturday ,6605222
Charlene Locksley,Saturday ,6623049
Reginald Blotchet-Halls,Saturday ,6636137
Marjorie Green,Saturday ,6657361
Sylvia Panteley,Saturday ,6689577
Johnson White,Saturday ,6724852
Reginald Blotchet-Halls,Saturday ,6794085
Charlene Locksley,Saturday ,6811471
Dean Straight,Saturday ,6822582
Johnson White,Saturday ,6823514
Marjorie Green,Saturday ,6914534
Michael O'Leary,Saturday ,6977608
Cheryl Carson,Saturday ,6985166
Morningstar Greene,Saturday ,7003798
Michael O'Leary,Saturday ,7014245
Burt Gringlesby,Saturday ,7031392
Burt Gringlesby,Saturday ,7074889
Johnson White,Saturday ,7105266
Michael O'Leary,Saturday ,7142473
Burt Gringlesby,Saturday ,7201116
Marjorie Green,Saturday ,7212179
Johnson White,Saturday ,7234797
Marjorie Green,Saturday ,7259988
Sylvia Panteley,Saturday ,7277409
Reginald Blotchet-Halls,Saturday ,7372320
Charlene Locksley,Saturday ,7392289
Burt Gringlesby,Saturday ,7440398
Sylvia Panteley,Saturday ,7493591
Johnson White,Saturday ,7499285
Marjorie Green,Saturday ,7583094
Sylvia Panteley,Saturday ,7592016
Charlene Locksley,Saturday ,7637314
Charlene Locksley,Saturday ,7746438
Burt Gringlesby,Saturday ,7767976
Burt Gringlesby,Saturday ,7827427
Michael O'Leary,Saturday ,7911633
Reginald Blotchet-Halls,Saturday ,8026261
Charlene Locksley,Saturday ,8037358
Burt Gringlesby,Saturday ,8075794
Charlene Locksley,Saturday ,8096511
Charlene Locksley,Saturday ,8152604
Johnson White,Saturday ,8176560
Reginald Blotchet-Halls,Saturday ,8193362
Sylvia Panteley,Saturday ,8232301
Marjorie Green,Saturday ,8429107
Sheryl Hunter,Saturday ,8442020
Johnson White,Saturday ,8493385
Burt Gringlesby,Saturday ,8509103
Reginald Blotchet-Halls,Saturday ,8513153
Sylvia Panteley,Saturday ,8589635
Charlene Locksley,Saturday ,8624803
Michael O'Leary,Saturday ,8726589
Michael O'Leary,Saturday ,8735749
Michael O'Leary,Saturday ,8772385
Marjorie Green,Saturday ,8826930
Marjorie Green,Saturday ,8944343
Sheryl Hunter,Saturday ,9097186
Burt Gringlesby,Saturday ,9119460
Burt Gringlesby,Saturday ,9537094
Michael O'Leary,Saturday ,9596501
Michael O'Leary,Saturday ,9605660
Michael O'Leary,Saturday ,9614819
Charlene Locksley,Saturday ,9667878
Sheryl Hunter,Saturday ,9682946
Dean Straight,Saturday ,9688193
Heather McBadden,Saturday ,9745042
Sheryl Hunter,Saturday ,9800535
Livia Karsen,Saturday ,9826084
Sheryl Hunter,Saturday ,9889156
Burt Gringlesby,Saturday ,9946100
Sheryl Hunter,Saturday ,10270656
Sheryl Hunter,Saturday ,10285970
Sheryl Hunter,Saturday ,10748288
Livia Karsen,Saturday ,10748881
Dean Straight,Saturday ,10952102
Livia Karsen,Saturday ,11032590
Livia Karsen,Saturday ,11085600
Dean Straight,Saturday ,11136247
Abraham Bennet,Saturday ,11152562
Dean Straight,Saturday ,11404979
Sheryl Hunter,Saturday ,11446078
Livia Karsen,Saturday ,11525795
Dean Straight,Saturday ,11613079
Sheryl Hunter,Saturday ,11792757
Sheryl Hunter,Saturday ,11814216
Dean Straight,Saturday ,11858311
Abraham Bennet,Saturday ,12116144
Michael O'Leary,Saturday ,12187916
Michael O'Leary,Saturday ,12206234
Sheryl Hunter,Saturday ,12293798
Livia Karsen,Saturday ,12348711
Sheryl Hunter,Saturday ,12394124
Livia Karsen,Saturday ,12611216
Dean Straight,Saturday ,12712366
Innes del Castillo,Saturday ,12850597
Dean Straight,Saturday ,12967664
Michael O'Leary,Saturday ,13030350
Innes del Castillo,Saturday ,13487310
Dean Straight,Saturday ,13679021
Abraham Bennet,Saturday ,13774826
Abraham Bennet,Saturday ,13941920
Innes del Castillo,Saturday ,13954648
Abraham Bennet,Saturday ,13969145
Dean Straight,Saturday ,14103508
Innes del Castillo,Saturday ,14330929
Heather McBadden,Saturday ,14670317
Abraham Bennet,Saturday ,14674933
Abraham Bennet,Saturday ,14825772
Innes del Castillo,Saturday ,14835166
Abraham Bennet,Saturday ,14873160
Albert Ringer,Saturday ,14909343
Abraham Bennet,Saturday ,15375995
Heather McBadden,Saturday ,15587778
Heather McBadden,Saturday ,15663193
Dean Straight,Saturday ,15976346
Innes del Castillo,Saturday ,16093910
Innes del Castillo,Saturday ,16171257
Dean Straight,Saturday ,16347576
Abraham Bennet,Saturday ,16454101
Innes del Castillo,Saturday ,16727707
Innes del Castillo,Saturday ,16754785
Livia Karsen,Saturday ,16758470
Dean Straight,Saturday ,16832765
Abraham Bennet,Saturday ,17027948
Heather McBadden,Saturday ,17366856
Innes del Castillo,Saturday ,18309888
Heather McBadden,Saturday ,18556996
Heather McBadden,Saturday ,18972321
Heather McBadden,Saturday ,19217981
Abraham Bennet,Saturday ,19388450
Heather McBadden,Saturday ,19659611
Abraham Bennet,Saturday ,19758892
Innes del Castillo,Saturday ,19917835
Albert Ringer,Saturday ,20471624
Heather McBadden,Saturday ,20766207
Livia Karsen,Saturday ,21008151
Innes del Castillo,Saturday ,21163210
Heather McBadden,Saturday ,21536718
Albert Ringer,Saturday ,21821393
Abraham Bennet,Saturday ,22023196
Heather McBadden,Saturday ,22401457
Albert Ringer,Saturday ,22810546
Heather McBadden,Saturday ,23217666
Albert Ringer,Saturday ,23325085
Heather McBadden,Saturday ,23529386
Albert Ringer,Saturday ,24009659
Innes del Castillo,Saturday ,24650329
Albert Ringer,Saturday ,25120896
Michel DeFrance,Saturday ,25182913
Michel DeFrance,Saturday ,25198479
Innes del Castillo,Saturday ,26517735
Albert Ringer,Saturday ,26695341
Albert Ringer,Saturday ,26821846
Albert Ringer,Saturday ,28232645
Michel DeFrance,Saturday ,28461320
Albert Ringer,Saturday ,28545150
Albert Ringer,Saturday ,29061032
Michel DeFrance,Saturday ,29950675
Albert Ringer,Saturday ,30130396
Michel DeFrance,Saturday ,30527520
Michel DeFrance,Saturday ,31455595
Michel DeFrance,Saturday ,34065562
Michel DeFrance,Saturday ,34114972
Dirk Stringer,Saturday ,34726606
Dirk Stringer,Saturday ,35702988
Michel DeFrance,Saturday ,36038220
Dirk Stringer,Saturday ,36177956
Albert Ringer,Saturday ,37100460
Dirk Stringer,Saturday ,39331363
Michel DeFrance,Saturday ,39777555
Michel DeFrance,Saturday ,40087366
Michel DeFrance,Saturday ,40957100
Michel DeFrance,Saturday ,41667550
Michel DeFrance,Saturday ,43089807
Dirk Stringer,Saturday ,48738690
Dirk Stringer,Saturday ,51865649
Dirk Stringer,Saturday ,52564876
Dirk Stringer,Saturday ,54042674
Dirk Stringer,Saturday ,56443959
Dirk Stringer,Saturday ,56918926
Dirk Stringer,Saturday ,60520853
Dirk Stringer,Saturday ,61022268
Dirk Stringer,Saturday ,67526895
Dirk Stringer,Saturday ,68978245
Stearns MacFeather,Sunday   ,1294284
Stearns MacFeather,Sunday   ,1358940
Stearns MacFeather,Sunday   ,1514356
Stearns MacFeather,Sunday   ,1703588
Stearns MacFeather,Sunday   ,1732125
Stearns MacFeather,Sunday   ,1736684
Stearns MacFeather,Sunday   ,1795669
Stearns MacFeather,Sunday   ,1812782
Ann Dull,Sunday   ,1844599
Meander Smith,Sunday   ,1934348
Ann Dull,Sunday   ,1987467
Stearns MacFeather,Sunday   ,1993590
Ann Dull,Sunday   ,2030766
Ann Dull,Sunday   ,2048141
Stearns MacFeather,Sunday   ,2144324
Ann Dull,Sunday   ,2152426
Stearns MacFeather,Sunday   ,2202792
Stearns MacFeather,Sunday   ,2230856
Ann Dull,Sunday   ,2255828
Anne Ringer,Sunday   ,2420638
Ann Dull,Sunday   ,2426778
Ann Dull,Sunday   ,2519706
Anne Ringer,Sunday   ,2540102
Ann Dull,Sunday   ,2634777
Ann Dull,Sunday   ,2651216
Anne Ringer,Sunday   ,2665836
Meander Smith,Sunday   ,2668014
Ann Dull,Sunday   ,2677479
Ann Dull,Sunday   ,2699908
Livia Karsen,Sunday   ,2713463
Anne Ringer,Sunday   ,2745479
Ann Dull,Sunday   ,2916030
Stearns MacFeather,Sunday   ,2923629
Meander Smith,Sunday   ,2925340
Cheryl Carson,Sunday   ,2969948
Stearns MacFeather,Sunday   ,2987809
Anne Ringer,Sunday   ,3107007
Meander Smith,Sunday   ,3233034
Ann Dull,Sunday   ,3293160
Anne Ringer,Sunday   ,3309250
Meander Smith,Sunday   ,3338252
Livia Karsen,Sunday   ,3479775
Anne Ringer,Sunday   ,3551313
Anne Ringer,Sunday   ,3591135
Morningstar Greene,Sunday   ,3604400
Cheryl Carson,Sunday   ,3624983
Morningstar Greene,Sunday   ,3626909
Morningstar Greene,Sunday   ,3663125
Anne Ringer,Sunday   ,3670778
Morningstar Greene,Sunday   ,3687481
Meander Smith,Sunday   ,3720195
Anne Ringer,Sunday   ,3796511
Anne Ringer,Sunday   ,3839467
Anne Ringer,Sunday   ,3919110
Meander Smith,Sunday   ,4007742
Sylvia Panteley,Sunday   ,4033109
Livia Karsen,Sunday   ,4082593
Johnson White,Sunday   ,4086606
Sylvia Panteley,Sunday   ,4138076
Cheryl Carson,Sunday   ,4217321
Johnson White,Sunday   ,4247426
Cheryl Carson,Sunday   ,4349912
Meander Smith,Sunday   ,4350139
Anne Ringer,Sunday   ,4360282
Morningstar Greene,Sunday   ,4416310
Reginald Blotchet-Halls,Sunday   ,4458905
Reginald Blotchet-Halls,Sunday   ,4474582
Burt Gringlesby,Sunday   ,4517341
Morningstar Greene,Sunday   ,4548475
Cheryl Carson,Sunday   ,4614712
Reginald Blotchet-Halls,Sunday   ,4650788
Meander Smith,Sunday   ,4679473
Meander Smith,Sunday   ,4710441
Cheryl Carson,Sunday   ,4764320
Cheryl Carson,Sunday   ,4847041
Morningstar Greene,Sunday   ,4895256
Morningstar Greene,Sunday   ,4933133
Marjorie Green,Sunday   ,4950325
Cheryl Carson,Sunday   ,4983781
Meander Smith,Sunday   ,4987914
Cheryl Carson,Sunday   ,5029120
Meander Smith,Sunday   ,5072238
Morningstar Greene,Sunday   ,5083447
Johnson White,Sunday   ,5108511
Morningstar Greene,Sunday   ,5111770
Marjorie Green,Sunday   ,5143455
Cheryl Carson,Sunday   ,5157942
Reginald Blotchet-Halls,Sunday   ,5257747
Charlene Locksley,Sunday   ,5317358
Charlene Locksley,Sunday   ,5322457
Michael O'Leary,Sunday   ,5329377
Marjorie Green,Sunday   ,5411968
Johnson White,Sunday   ,5458343
Sylvia Panteley,Sunday   ,5468989
Johnson White,Sunday   ,5505380
Burt Gringlesby,Sunday   ,5524836
Anne Ringer,Sunday   ,5533914
Reginald Blotchet-Halls,Sunday   ,5542286
Reginald Blotchet-Halls,Sunday   ,5577538
Reginald Blotchet-Halls,Sunday   ,5591900
Marjorie Green,Sunday   ,5592534
Cheryl Carson,Sunday   ,5687163
Johnson White,Sunday   ,5725852
Cheryl Carson,Sunday   ,5755571
Charlene Locksley,Sunday   ,5770945
Sylvia Panteley,Sunday   ,5782735
Morningstar Greene,Sunday   ,5788118
Johnson White,Sunday   ,5826804
Reginald Blotchet-Halls,Sunday   ,5828143
Charlene Locksley,Sunday   ,5829587
Reginald Blotchet-Halls,Sunday   ,6035702
Morningstar Greene,Sunday   ,6036363
Charlene Locksley,Sunday   ,6061865
Cheryl Carson,Sunday   ,6102332
Burt Gringlesby,Sunday   ,6122302
Reginald Blotchet-Halls,Sunday   ,6151874
Michael O'Leary,Sunday   ,6153493
Michael O'Leary,Sunday   ,6199289
Reginald Blotchet-Halls,Sunday   ,6273259
Charlene Locksley,Sunday   ,6279608
Burt Gringlesby,Sunday   ,6283397
Johnson White,Sunday   ,6343055
Meander Smith,Sunday   ,6371671
Marjorie Green,Sunday   ,6375060
Reginald Blotchet-Halls,Sunday   ,6384218
Sylvia Panteley,Sunday   ,6422989
Burt Gringlesby,Sunday   ,6428360
Morningstar Greene,Sunday   ,6506739
Charlene Locksley,Sunday   ,6520551
Johnson White,Sunday   ,6565113
Morningstar Greene,Sunday   ,6571522
Sylvia Panteley,Sunday   ,6586750
Reginald Blotchet-Halls,Sunday   ,6589152
Charlene Locksley,Sunday   ,6628659
Johnson White,Sunday   ,6795008
Charlene Locksley,Sunday   ,6894335
Michael O'Leary,Sunday   ,6968449
Michael O'Leary,Sunday   ,6995926
Charlene Locksley,Sunday   ,7024115
Marjorie Green,Sunday   ,7066859
Sylvia Panteley,Sunday   ,7122513
Charlene Locksley,Sunday   ,7157972
Sylvia Panteley,Sunday   ,7224894
Burt Gringlesby,Sunday   ,7253240
Sylvia Panteley,Sunday   ,7325397
Cheryl Carson,Sunday   ,7449443
Johnson White,Sunday   ,7642386
Sylvia Panteley,Sunday   ,7657354
Sheryl Hunter,Sunday   ,7657560
Marjorie Green,Sunday   ,7659702
Charlene Locksley,Sunday   ,7676322
Reginald Blotchet-Halls,Sunday   ,7680374
Burt Gringlesby,Sunday   ,7868140
Burt Gringlesby,Sunday   ,7891141
Michael O'Leary,Sunday   ,7911633
Michael O'Leary,Sunday   ,7920793
Michael O'Leary,Sunday   ,7948270
Johnson White,Sunday   ,8019463
Sylvia Panteley,Sunday   ,8044084
Burt Gringlesby,Sunday   ,8063926
Livia Karsen,Sunday   ,8205050
Sheryl Hunter,Sunday   ,8339744
Livia Karsen,Sunday   ,8388957
Sylvia Panteley,Sunday   ,8452502
Charlene Locksley,Sunday   ,8469273
Sylvia Panteley,Sunday   ,8478835
Marjorie Green,Sunday   ,8532066
Sylvia Panteley,Sunday   ,8598979
Johnson White,Sunday   ,8618642
Sheryl Hunter,Sunday   ,8621212
Marjorie Green,Sunday   ,8661152
Marjorie Green,Sunday   ,8710741
Charlene Locksley,Sunday   ,8792064
Burt Gringlesby,Sunday   ,8856899
Livia Karsen,Sunday   ,8950158
Marjorie Green,Sunday   ,8958796
Marjorie Green,Sunday   ,8982035
Johnson White,Sunday   ,8991390
Marjorie Green,Sunday   ,9097000
Sheryl Hunter,Sunday   ,9106646
Michael O'Leary,Sunday   ,9569023
Michael O'Leary,Sunday   ,9623978
Burt Gringlesby,Sunday   ,9645608
Marjorie Green,Sunday   ,9673833
Sheryl Hunter,Sunday   ,9971924
Dean Straight,Sunday   ,10020219
Livia Karsen,Sunday   ,10152201
Sheryl Hunter,Sunday   ,10199300
Dean Straight,Sunday   ,10217006
Dean Straight,Sunday   ,10265667
Innes del Castillo,Sunday   ,10363735
Sheryl Hunter,Sunday   ,10389904
Abraham Bennet,Sunday   ,10446275
Dean Straight,Sunday   ,10474760
Burt Gringlesby,Sunday   ,10530395
Livia Karsen,Sunday   ,10539386
Livia Karsen,Sunday   ,10833697
Sheryl Hunter,Sunday   ,10941135
Livia Karsen,Sunday   ,11053794
Heather McBadden,Sunday   ,11075161
Sheryl Hunter,Sunday   ,11135641
Abraham Bennet,Sunday   ,11139121
Dean Straight,Sunday   ,11449234
Dean Straight,Sunday   ,11637356
Burt Gringlesby,Sunday   ,11687396
Sheryl Hunter,Sunday   ,11709989
Innes del Castillo,Sunday   ,11723357
Livia Karsen,Sunday   ,12065001
Abraham Bennet,Sunday   ,12096793
Sheryl Hunter,Sunday   ,12103194
Burt Gringlesby,Sunday   ,12109293
Dean Straight,Sunday   ,12166342
Michael O'Leary,Sunday   ,12169598
Michael O'Leary,Sunday   ,12197075
Abraham Bennet,Sunday   ,12580195
Michael O'Leary,Sunday   ,13048668
Dean Straight,Sunday   ,13269405
Innes del Castillo,Sunday   ,13332276
Heather McBadden,Sunday   ,13424900
Dean Straight,Sunday   ,13603649
Sheryl Hunter,Sunday   ,13814241
Michael O'Leary,Sunday   ,13946057
Innes del Castillo,Sunday   ,13992519
Dean Straight,Sunday   ,14025328
Dean Straight,Sunday   ,14096844
Heather McBadden,Sunday   ,14195121
Innes del Castillo,Sunday   ,14303850
Sheryl Hunter,Sunday   ,14324743
Livia Karsen,Sunday   ,14452347
Dean Straight,Sunday   ,14771134
Dean Straight,Sunday   ,14816544
Abraham Bennet,Sunday   ,15079772
Abraham Bennet,Sunday   ,15311395
Innes del Castillo,Sunday   ,15510382
Dean Straight,Sunday   ,16059511
Livia Karsen,Sunday   ,16208662
Innes del Castillo,Sunday   ,16351425
Abraham Bennet,Sunday   ,16587824
Abraham Bennet,Sunday   ,16683061
Heather McBadden,Sunday   ,16690650
Livia Karsen,Sunday   ,16850295
Abraham Bennet,Sunday   ,16908574
Heather McBadden,Sunday   ,17251073
Innes del Castillo,Sunday   ,17649985
Innes del Castillo,Sunday   ,18076535
Albert Ringer,Sunday   ,19176578
Heather McBadden,Sunday   ,19618307
Innes del Castillo,Sunday   ,19619873
Michel DeFrance,Sunday   ,19670857
Abraham Bennet,Sunday   ,19788389
Heather McBadden,Sunday   ,19910010
Innes del Castillo,Sunday   ,20034998
Heather McBadden,Sunday   ,20044773
Abraham Bennet,Sunday   ,20147122
Albert Ringer,Sunday   ,20192636
Heather McBadden,Sunday   ,20770924
Albert Ringer,Sunday   ,20860615
Abraham Bennet,Sunday   ,21066885
Heather McBadden,Sunday   ,21099203
Abraham Bennet,Sunday   ,21347937
Michel DeFrance,Sunday   ,22038111
Albert Ringer,Sunday   ,22224893
Innes del Castillo,Sunday   ,22265948
Heather McBadden,Sunday   ,22654923
Heather McBadden,Sunday   ,22672407
Heather McBadden,Sunday   ,23060992
Abraham Bennet,Sunday   ,23145398
Heather McBadden,Sunday   ,23989939
Albert Ringer,Sunday   ,24169694
Innes del Castillo,Sunday   ,24353339
Albert Ringer,Sunday   ,24462883
Michel DeFrance,Sunday   ,25525977
Michel DeFrance,Sunday   ,25567987
Albert Ringer,Sunday   ,26001204
Albert Ringer,Sunday   ,26172998
Albert Ringer,Sunday   ,26545905
Innes del Castillo,Sunday   ,27101264
Albert Ringer,Sunday   ,28183503
Albert Ringer,Sunday   ,28737232
Albert Ringer,Sunday   ,29064581
Michel DeFrance,Sunday   ,29472650
Michel DeFrance,Sunday   ,30175700
Albert Ringer,Sunday   ,31030883
Dirk Stringer,Sunday   ,32576029
Michel DeFrance,Sunday   ,32944950
Michel DeFrance,Sunday   ,33035779
Michel DeFrance,Sunday   ,34140826
Michel DeFrance,Sunday   ,35110145
Michel DeFrance,Sunday   ,35135998
Albert Ringer,Sunday   ,36161874
Michel DeFrance,Sunday   ,36665241
Dirk Stringer,Sunday   ,36903631
Michel DeFrance,Sunday   ,38532270
Dirk Stringer,Sunday   ,39080655
Michel DeFrance,Sunday   ,40304991
Dirk Stringer,Sunday   ,45361022
Dirk Stringer,Sunday   ,48013015
Dirk Stringer,Sunday   ,48962949
Dirk Stringer,Sunday   ,49213657
Dirk Stringer,Sunday   ,50190039
Dirk Stringer,Sunday   ,50889267
Dirk Stringer,Sunday   ,51139974
Dirk Stringer,Sunday   ,52089909
Dirk Stringer,Sunday   ,57644601
Dirk Stringer,Sunday   ,79111246
